{
	"partitions" : [
		{
			"name" : "Top",
			"pins" : [
				{
					"name" : "LED_R",
					"strict" : false
				},
				{
					"name" : "LED_V",
					"strict" : false
				},
				{
					"name" : "LED_A",
					"strict" : false
				},
				{
					"name" : "DEC[6]",
					"strict" : false
				},
				{
					"name" : "DEC[3]",
					"strict" : false
				},
				{
					"name" : "DEC[2]",
					"strict" : false
				},
				{
					"name" : "DEC[1]",
					"strict" : false
				},
				{
					"name" : "DECENAS[0]",
					"strict" : false
				},
				{
					"name" : "PROM[3]",
					"strict" : false
				},
				{
					"name" : "PROM[2]",
					"strict" : false
				},
				{
					"name" : "PROM[1]",
					"strict" : false
				},
				{
					"name" : "PROM[0]",
					"strict" : false
				},
				{
					"name" : "UNI[6]",
					"strict" : false
				},
				{
					"name" : "UNI[5]",
					"strict" : false
				},
				{
					"name" : "UNI[4]",
					"strict" : false
				},
				{
					"name" : "UNI[3]",
					"strict" : false
				},
				{
					"name" : "UNI[2]",
					"strict" : false
				},
				{
					"name" : "UNI[1]",
					"strict" : false
				},
				{
					"name" : "UNI[0]",
					"strict" : false
				},
				{
					"name" : "UNIDADES[3]",
					"strict" : false
				},
				{
					"name" : "UNIDADES[2]",
					"strict" : false
				},
				{
					"name" : "UNIDADES[1]",
					"strict" : false
				},
				{
					"name" : "UNIDADES[0]",
					"strict" : false
				},
				{
					"name" : "Sen2[3]",
					"strict" : false
				},
				{
					"name" : "Sen1[3]",
					"strict" : false
				},
				{
					"name" : "Sen2[2]",
					"strict" : false
				},
				{
					"name" : "Sen1[2]",
					"strict" : false
				},
				{
					"name" : "Sen2[1]",
					"strict" : false
				},
				{
					"name" : "Sen1[1]",
					"strict" : false
				},
				{
					"name" : "Sen2[0]",
					"strict" : false
				},
				{
					"name" : "Sen1[0]",
					"strict" : false
				},
				{
					"name" : "B[3]",
					"strict" : false
				},
				{
					"name" : "B[2]",
					"strict" : false
				},
				{
					"name" : "B[1]",
					"strict" : false
				}
			]
		}
	]
}